,category,file,prediction
0,i,data_12/val\i\A-501.png,i
1,i,data_12/val\i\A-502.png,i
2,i,data_12/val\i\A-503.png,i
3,i,data_12/val\i\A-504.png,i
4,i,data_12/val\i\A-505.png,i
5,i,data_12/val\i\A-506.png,i
6,i,data_12/val\i\A-507.png,i
7,i,data_12/val\i\A-508.png,i
8,i,data_12/val\i\A-509.png,i
9,i,data_12/val\i\A-510.png,i
10,i,data_12/val\i\A-511.png,i
11,i,data_12/val\i\A-512.png,i
12,i,data_12/val\i\A-513.png,i
13,i,data_12/val\i\A-514.png,i
14,i,data_12/val\i\A-515.png,i
15,i,data_12/val\i\A-516.png,i
16,i,data_12/val\i\A-517.png,i
17,i,data_12/val\i\A-518.png,i
18,i,data_12/val\i\A-519.png,i
19,i,data_12/val\i\A-520.png,i
20,i,data_12/val\i\A-521.png,i
21,i,data_12/val\i\A-522.png,i
22,i,data_12/val\i\A-523.png,i
23,i,data_12/val\i\A-524.png,i
24,i,data_12/val\i\A-525.png,i
25,i,data_12/val\i\A-526.png,i
26,i,data_12/val\i\A-527.png,i
27,i,data_12/val\i\A-528.png,i
28,i,data_12/val\i\A-529.png,i
29,i,data_12/val\i\A-530.png,i
30,i,data_12/val\i\A-531.png,i
31,i,data_12/val\i\A-532.png,i
32,i,data_12/val\i\A-533.png,i
33,i,data_12/val\i\A-534.png,i
34,i,data_12/val\i\A-535.png,i
35,i,data_12/val\i\A-536.png,i
36,i,data_12/val\i\A-537.png,i
37,i,data_12/val\i\A-538.png,i
38,i,data_12/val\i\A-539.png,i
39,i,data_12/val\i\A-540.png,i
40,i,data_12/val\i\A-541.png,i
41,i,data_12/val\i\A-542.png,i
42,i,data_12/val\i\A-543.png,i
43,i,data_12/val\i\A-544.png,i
44,i,data_12/val\i\A-545.png,i
45,i,data_12/val\i\A-546.png,i
46,i,data_12/val\i\A-547.png,i
47,i,data_12/val\i\A-548.png,i
48,i,data_12/val\i\A-549.png,i
49,i,data_12/val\i\A-550.png,i
50,i,data_12/val\i\A-551.png,i
51,i,data_12/val\i\A-553.png,i
52,i,data_12/val\i\A-554.png,i
53,i,data_12/val\i\A-555.png,i
54,i,data_12/val\i\A-556.png,i
55,i,data_12/val\i\A-557.png,i
56,i,data_12/val\i\A-558.png,i
57,i,data_12/val\i\A-559.png,i
58,i,data_12/val\i\A-560.png,i
59,i,data_12/val\i\A-561.png,i
60,i,data_12/val\i\A-562.png,i
61,i,data_12/val\i\A-563.png,i
62,i,data_12/val\i\A-564.png,i
63,i,data_12/val\i\A-565.png,i
64,i,data_12/val\i\A-566.png,i
65,i,data_12/val\i\A-567.png,i
66,i,data_12/val\i\A-568.png,i
67,i,data_12/val\i\A-570.png,i
68,i,data_12/val\i\A-571.png,i
69,i,data_12/val\i\A-572.png,i
70,i,data_12/val\i\A-573.png,i
71,i,data_12/val\i\A-574.png,i
72,i,data_12/val\i\A-575.png,i
73,i,data_12/val\i\A-576.png,i
74,i,data_12/val\i\A-577.png,i
75,i,data_12/val\i\A-578.png,i
76,i,data_12/val\i\A-579.png,i
77,i,data_12/val\i\A-580.png,i
78,i,data_12/val\i\A-581.png,i
79,i,data_12/val\i\A-582.png,i
80,ii,data_12/val\ii\A-552.png,i
81,ii,data_12/val\ii\B-501.png,ii
82,ii,data_12/val\ii\B-502.png,ii
83,ii,data_12/val\ii\B-503.png,iii
84,ii,data_12/val\ii\B-504.png,ii
85,ii,data_12/val\ii\B-505.png,ii
86,ii,data_12/val\ii\B-506.png,ii
87,ii,data_12/val\ii\B-507.png,vi
88,ii,data_12/val\ii\B-509.png,iii
89,ii,data_12/val\ii\B-510.png,iii
90,ii,data_12/val\ii\B-511.png,ii
91,ii,data_12/val\ii\B-512.png,ii
92,ii,data_12/val\ii\B-513.png,ii
93,ii,data_12/val\ii\B-514.png,ii
94,ii,data_12/val\ii\B-515.png,i
95,ii,data_12/val\ii\B-516.png,ii
96,ii,data_12/val\ii\B-517.png,ii
97,ii,data_12/val\ii\B-518.png,ii
98,ii,data_12/val\ii\B-519.png,ii
99,ii,data_12/val\ii\B-520.png,ii
100,ii,data_12/val\ii\B-521.png,ii
101,ii,data_12/val\ii\B-522.png,ii
102,ii,data_12/val\ii\B-523.png,i
103,ii,data_12/val\ii\B-524.png,vi
104,ii,data_12/val\ii\B-525.png,ii
105,ii,data_12/val\ii\B-526.png,ii
106,ii,data_12/val\ii\B-527.png,ii
107,ii,data_12/val\ii\B-528.png,i
108,ii,data_12/val\ii\B-529.png,ii
109,ii,data_12/val\ii\B-532.png,ii
110,ii,data_12/val\ii\B-533.png,i
111,ii,data_12/val\ii\B-534.png,vi
112,ii,data_12/val\ii\B-535.png,ii
113,ii,data_12/val\ii\B-536.png,ii
114,ii,data_12/val\ii\B-537.png,ii
115,ii,data_12/val\ii\B-538.png,i
116,ii,data_12/val\ii\B-539.png,ii
117,ii,data_12/val\ii\B-540.png,ii
118,ii,data_12/val\ii\B-541.png,iii
119,ii,data_12/val\ii\B-542.png,ii
120,ii,data_12/val\ii\B-544.png,ii
121,ii,data_12/val\ii\B-545.png,vi
122,ii,data_12/val\ii\B-546.png,ii
123,ii,data_12/val\ii\B-547.png,ii
124,ii,data_12/val\ii\B-548.png,ii
125,ii,data_12/val\ii\B-549.png,ii
126,ii,data_12/val\ii\B-550.png,vi
127,ii,data_12/val\ii\B-551.png,ii
128,ii,data_12/val\ii\B-552.png,ii
129,ii,data_12/val\ii\B-553.png,iii
130,ii,data_12/val\ii\B-554.png,ii
131,ii,data_12/val\ii\B-555.png,vi
132,ii,data_12/val\ii\B-556.png,ii
133,ii,data_12/val\ii\B-557.png,ii
134,ii,data_12/val\ii\B-558.png,ii
135,ii,data_12/val\ii\B-559.png,ix
136,ii,data_12/val\ii\B-560.png,ii
137,ii,data_12/val\ii\B-561.png,ii
138,ii,data_12/val\ii\B-562.png,ii
139,ii,data_12/val\ii\B-563.png,ii
140,ii,data_12/val\ii\B-564.png,ii
141,ii,data_12/val\ii\B-565.png,ii
142,ii,data_12/val\ii\B-566.png,ii
143,ii,data_12/val\ii\B-567.png,ii
144,ii,data_12/val\ii\B-568.png,iii
145,ii,data_12/val\ii\B-569.png,ii
146,ii,data_12/val\ii\B-570.png,ii
147,ii,data_12/val\ii\B-571.png,vi
148,ii,data_12/val\ii\B-572.png,ii
149,ii,data_12/val\ii\B-573.png,ii
150,ii,data_12/val\ii\B-574.png,ii
151,ii,data_12/val\ii\B-575.png,ii
152,ii,data_12/val\ii\B-576.png,ii
153,ii,data_12/val\ii\B-577.png,ii
154,ii,data_12/val\ii\B-578.png,i
155,ii,data_12/val\ii\B-579.png,ii
156,ii,data_12/val\ii\B-580.png,ii
157,ii,data_12/val\ii\B-581.png,iii
158,ii,data_12/val\ii\E-525.png,ii
159,ii,data_12/val\ii\E-575.png,vi
160,iii,data_12/val\iii\C-501.png,iii
161,iii,data_12/val\iii\C-502.png,iii
162,iii,data_12/val\iii\C-503.png,iii
163,iii,data_12/val\iii\C-504.png,iii
164,iii,data_12/val\iii\C-505.png,iii
165,iii,data_12/val\iii\C-506.png,iii
166,iii,data_12/val\iii\C-507.png,iii
167,iii,data_12/val\iii\C-508.png,iii
168,iii,data_12/val\iii\C-509.png,vii
169,iii,data_12/val\iii\C-510.png,iii
170,iii,data_12/val\iii\C-511.png,iii
171,iii,data_12/val\iii\C-512.png,vi
172,iii,data_12/val\iii\C-513.png,iii
173,iii,data_12/val\iii\C-514.png,iii
174,iii,data_12/val\iii\C-515.png,iii
175,iii,data_12/val\iii\C-516.png,iii
176,iii,data_12/val\iii\C-517.png,iii
177,iii,data_12/val\iii\C-518.png,iii
178,iii,data_12/val\iii\C-519.png,iii
179,iii,data_12/val\iii\C-520.png,iii
180,iii,data_12/val\iii\C-521.png,iii
181,iii,data_12/val\iii\C-522.png,iii
182,iii,data_12/val\iii\C-523.png,iii
183,iii,data_12/val\iii\C-524.png,iii
184,iii,data_12/val\iii\C-525.png,iii
185,iii,data_12/val\iii\C-526.png,iii
186,iii,data_12/val\iii\C-527.png,iii
187,iii,data_12/val\iii\C-528.png,iii
188,iii,data_12/val\iii\C-529.png,iii
189,iii,data_12/val\iii\C-530.png,iii
190,iii,data_12/val\iii\C-531.png,iii
191,iii,data_12/val\iii\C-532.png,iii
192,iii,data_12/val\iii\C-533.png,iii
193,iii,data_12/val\iii\C-534.png,iii
194,iii,data_12/val\iii\C-536.png,iii
195,iii,data_12/val\iii\C-537.png,iii
196,iii,data_12/val\iii\C-538.png,iii
197,iii,data_12/val\iii\C-539.png,iii
198,iii,data_12/val\iii\C-540.png,iii
199,iii,data_12/val\iii\C-541.png,iii
200,iii,data_12/val\iii\C-542.png,iii
201,iii,data_12/val\iii\C-543.png,iii
202,iii,data_12/val\iii\C-544.png,iii
203,iii,data_12/val\iii\C-545.png,iii
204,iii,data_12/val\iii\C-546.png,iii
205,iii,data_12/val\iii\C-547.png,iii
206,iii,data_12/val\iii\C-548.png,iii
207,iii,data_12/val\iii\C-549.png,iii
208,iii,data_12/val\iii\C-550.png,iii
209,iii,data_12/val\iii\C-551.png,iii
210,iii,data_12/val\iii\C-552.png,iii
211,iii,data_12/val\iii\C-553.png,iii
212,iii,data_12/val\iii\C-554.png,iii
213,iii,data_12/val\iii\C-555.png,iii
214,iii,data_12/val\iii\C-556.png,iii
215,iii,data_12/val\iii\C-557.png,iii
216,iii,data_12/val\iii\C-558.png,iii
217,iii,data_12/val\iii\C-559.png,iii
218,iii,data_12/val\iii\C-560.png,iii
219,iii,data_12/val\iii\C-561.png,iii
220,iii,data_12/val\iii\C-562.png,iii
221,iii,data_12/val\iii\C-563.png,iii
222,iii,data_12/val\iii\C-564.png,iii
223,iii,data_12/val\iii\C-565.png,iii
224,iii,data_12/val\iii\C-566.png,iii
225,iii,data_12/val\iii\C-567.png,iii
226,iii,data_12/val\iii\C-568.png,iii
227,iii,data_12/val\iii\C-569.png,iii
228,iii,data_12/val\iii\C-570.png,iii
229,iii,data_12/val\iii\C-571.png,iii
230,iii,data_12/val\iii\C-572.png,iii
231,iii,data_12/val\iii\C-573.png,vi
232,iii,data_12/val\iii\C-574.png,iii
233,iii,data_12/val\iii\C-575.png,iii
234,iii,data_12/val\iii\C-576.png,iii
235,iii,data_12/val\iii\C-577.png,iii
236,iii,data_12/val\iii\C-578.png,vi
237,iii,data_12/val\iii\C-579.png,iii
238,iii,data_12/val\iii\D-578.png,iii
239,iii,data_12/val\iii\F-547.png,vi
240,iv,data_12/val\iv\D-501.png,ix
241,iv,data_12/val\iv\D-502.png,iv
242,iv,data_12/val\iv\D-503.png,vi
243,iv,data_12/val\iv\D-504.png,iv
244,iv,data_12/val\iv\D-505.png,iv
245,iv,data_12/val\iv\D-506.png,iv
246,iv,data_12/val\iv\D-508.png,iii
247,iv,data_12/val\iv\D-509.png,iv
248,iv,data_12/val\iv\D-510.png,iv
249,iv,data_12/val\iv\D-511.png,iv
250,iv,data_12/val\iv\D-512.png,iv
251,iv,data_12/val\iv\D-513.png,iii
252,iv,data_12/val\iv\D-514.png,iv
253,iv,data_12/val\iv\D-515.png,ii
254,iv,data_12/val\iv\D-516.png,iv
255,iv,data_12/val\iv\D-517.png,iv
256,iv,data_12/val\iv\D-518.png,iv
257,iv,data_12/val\iv\D-519.png,iv
258,iv,data_12/val\iv\D-520.png,iv
259,iv,data_12/val\iv\D-521.png,ix
260,iv,data_12/val\iv\D-522.png,ii
261,iv,data_12/val\iv\D-523.png,iv
262,iv,data_12/val\iv\D-524.png,iv
263,iv,data_12/val\iv\D-525.png,ix
264,iv,data_12/val\iv\D-526.png,iv
265,iv,data_12/val\iv\D-527.png,iv
266,iv,data_12/val\iv\D-528.png,iv
267,iv,data_12/val\iv\D-529.png,iv
268,iv,data_12/val\iv\D-530.png,iv
269,iv,data_12/val\iv\D-531.png,iv
270,iv,data_12/val\iv\D-532.png,ix
271,iv,data_12/val\iv\D-533.png,iii
272,iv,data_12/val\iv\D-534.png,iv
273,iv,data_12/val\iv\D-535.png,iv
274,iv,data_12/val\iv\D-536.png,iii
275,iv,data_12/val\iv\D-537.png,ix
276,iv,data_12/val\iv\D-538.png,iii
277,iv,data_12/val\iv\D-539.png,iv
278,iv,data_12/val\iv\D-540.png,iv
279,iv,data_12/val\iv\D-541.png,ix
280,iv,data_12/val\iv\D-542.png,iv
281,iv,data_12/val\iv\D-543.png,iv
282,iv,data_12/val\iv\D-544.png,iii
283,iv,data_12/val\iv\D-545.png,iv
284,iv,data_12/val\iv\D-546.png,iii
285,iv,data_12/val\iv\D-547.png,ix
286,iv,data_12/val\iv\D-548.png,iv
287,iv,data_12/val\iv\D-549.png,v
288,iv,data_12/val\iv\D-550.png,iv
289,iv,data_12/val\iv\D-551.png,iv
290,iv,data_12/val\iv\D-552.png,iii
291,iv,data_12/val\iv\D-553.png,iv
292,iv,data_12/val\iv\D-554.png,iv
293,iv,data_12/val\iv\D-555.png,iv
294,iv,data_12/val\iv\D-556.png,iv
295,iv,data_12/val\iv\D-557.png,ix
296,iv,data_12/val\iv\D-559.png,iv
297,iv,data_12/val\iv\D-560.png,iv
298,iv,data_12/val\iv\D-561.png,iv
299,iv,data_12/val\iv\D-562.png,iv
300,iv,data_12/val\iv\D-563.png,iv
301,iv,data_12/val\iv\D-564.png,iv
302,iv,data_12/val\iv\D-565.png,iv
303,iv,data_12/val\iv\D-566.png,iv
304,iv,data_12/val\iv\D-567.png,v
305,iv,data_12/val\iv\D-568.png,iv
306,iv,data_12/val\iv\D-569.png,iv
307,iv,data_12/val\iv\D-570.png,ix
308,iv,data_12/val\iv\D-571.png,iv
309,iv,data_12/val\iv\D-572.png,iv
310,iv,data_12/val\iv\D-573.png,iii
311,iv,data_12/val\iv\D-574.png,iv
312,iv,data_12/val\iv\D-575.png,ii
313,iv,data_12/val\iv\D-576.png,iv
314,iv,data_12/val\iv\D-577.png,iv
315,iv,data_12/val\iv\D-579.png,v
316,iv,data_12/val\iv\D-580.png,iii
317,iv,data_12/val\iv\D-581.png,ii
318,iv,data_12/val\iv\D-582.png,iv
319,iv,data_12/val\iv\D-583.png,iv
320,iv,data_12/val\iv\D-584.png,iii
321,iv,data_12/val\iv\E-540.png,vi
322,iv,data_12/val\iv\F-533.png,vi
323,iv,data_12/val\iv\I-514.png,iv
324,ix,data_12/val\ix\I-502.png,ix
325,ix,data_12/val\ix\I-503.png,viii
326,ix,data_12/val\ix\I-504.png,ix
327,ix,data_12/val\ix\I-505.png,ix
328,ix,data_12/val\ix\I-506.png,ix
329,ix,data_12/val\ix\I-507.png,ix
330,ix,data_12/val\ix\I-509.png,ix
331,ix,data_12/val\ix\I-510.png,ix
332,ix,data_12/val\ix\I-511.png,ix
333,ix,data_12/val\ix\I-512.png,ix
334,ix,data_12/val\ix\I-513.png,ix
335,ix,data_12/val\ix\I-516.png,ix
336,ix,data_12/val\ix\I-517.png,ix
337,ix,data_12/val\ix\I-518.png,ix
338,ix,data_12/val\ix\I-519.png,ii
339,ix,data_12/val\ix\I-520.png,ix
340,ix,data_12/val\ix\I-521.png,ix
341,ix,data_12/val\ix\I-522.png,ix
342,ix,data_12/val\ix\I-523.png,ix
343,ix,data_12/val\ix\I-524.png,ix
344,ix,data_12/val\ix\I-525.png,ix
345,ix,data_12/val\ix\I-526.png,ix
346,ix,data_12/val\ix\I-527.png,ix
347,ix,data_12/val\ix\I-528.png,vi
348,ix,data_12/val\ix\I-529.png,ix
349,ix,data_12/val\ix\I-530.png,ii
350,ix,data_12/val\ix\I-531.png,iii
351,ix,data_12/val\ix\I-532.png,ii
352,ix,data_12/val\ix\I-533.png,ix
353,ix,data_12/val\ix\I-534.png,ix
354,ix,data_12/val\ix\I-535.png,ix
355,ix,data_12/val\ix\I-536.png,ix
356,ix,data_12/val\ix\I-538.png,ix
357,ix,data_12/val\ix\I-539.png,ix
358,ix,data_12/val\ix\I-540.png,ix
359,ix,data_12/val\ix\I-541.png,ix
360,ix,data_12/val\ix\I-543.png,ix
361,ix,data_12/val\ix\I-544.png,x
362,ix,data_12/val\ix\I-545.png,vi
363,ix,data_12/val\ix\I-546.png,ix
364,ix,data_12/val\ix\I-547.png,x
365,ix,data_12/val\ix\I-548.png,ix
366,ix,data_12/val\ix\I-549.png,ix
367,ix,data_12/val\ix\I-550.png,ix
368,ix,data_12/val\ix\I-551.png,ix
369,ix,data_12/val\ix\I-552.png,ix
370,ix,data_12/val\ix\I-553.png,ix
371,ix,data_12/val\ix\I-554.png,ix
372,ix,data_12/val\ix\I-555.png,ix
373,ix,data_12/val\ix\I-556.png,ix
374,ix,data_12/val\ix\I-557.png,ix
375,ix,data_12/val\ix\I-558.png,ix
376,ix,data_12/val\ix\I-559.png,ix
377,ix,data_12/val\ix\I-560.png,ix
378,ix,data_12/val\ix\I-561.png,vi
379,ix,data_12/val\ix\I-562.png,ix
380,ix,data_12/val\ix\I-563.png,iii
381,ix,data_12/val\ix\I-564.png,ix
382,ix,data_12/val\ix\I-565.png,ix
383,ix,data_12/val\ix\I-566.png,ix
384,ix,data_12/val\ix\I-567.png,ix
385,ix,data_12/val\ix\I-568.png,ii
386,ix,data_12/val\ix\I-570.png,ix
387,ix,data_12/val\ix\I-571.png,ix
388,ix,data_12/val\ix\I-572.png,ix
389,ix,data_12/val\ix\I-573.png,ix
390,ix,data_12/val\ix\I-574.png,ix
391,ix,data_12/val\ix\I-576.png,ix
392,ix,data_12/val\ix\I-577.png,ix
393,ix,data_12/val\ix\I-578.png,iv
394,ix,data_12/val\ix\I-579.png,ix
395,ix,data_12/val\ix\I-580.png,ix
396,v,data_12/val\v\E-501.png,v
397,v,data_12/val\v\E-502.png,v
398,v,data_12/val\v\E-503.png,v
399,v,data_12/val\v\E-504.png,v
400,v,data_12/val\v\E-505.png,v
401,v,data_12/val\v\E-506.png,v
402,v,data_12/val\v\E-507.png,v
403,v,data_12/val\v\E-508.png,v
404,v,data_12/val\v\E-509.png,v
405,v,data_12/val\v\E-510.png,v
406,v,data_12/val\v\E-511.png,v
407,v,data_12/val\v\E-512.png,v
408,v,data_12/val\v\E-513.png,v
409,v,data_12/val\v\E-514.png,v
410,v,data_12/val\v\E-515.png,vi
411,v,data_12/val\v\E-516.png,v
412,v,data_12/val\v\E-518.png,v
413,v,data_12/val\v\E-519.png,v
414,v,data_12/val\v\E-520.png,v
415,v,data_12/val\v\E-521.png,v
416,v,data_12/val\v\E-522.png,v
417,v,data_12/val\v\E-523.png,v
418,v,data_12/val\v\E-524.png,v
419,v,data_12/val\v\E-526.png,v
420,v,data_12/val\v\E-527.png,v
421,v,data_12/val\v\E-528.png,v
422,v,data_12/val\v\E-529.png,v
423,v,data_12/val\v\E-530.png,v
424,v,data_12/val\v\E-531.png,v
425,v,data_12/val\v\E-533.png,vi
426,v,data_12/val\v\E-534.png,v
427,v,data_12/val\v\E-535.png,v
428,v,data_12/val\v\E-536.png,v
429,v,data_12/val\v\E-537.png,v
430,v,data_12/val\v\E-538.png,v
431,v,data_12/val\v\E-539.png,v
432,v,data_12/val\v\E-541.png,v
433,v,data_12/val\v\E-542.png,v
434,v,data_12/val\v\E-543.png,v
435,v,data_12/val\v\E-544.png,v
436,v,data_12/val\v\E-545.png,v
437,v,data_12/val\v\E-546.png,v
438,v,data_12/val\v\E-547.png,v
439,v,data_12/val\v\E-548.png,v
440,v,data_12/val\v\E-549.png,v
441,v,data_12/val\v\E-550.png,v
442,v,data_12/val\v\E-551.png,v
443,v,data_12/val\v\E-552.png,v
444,v,data_12/val\v\E-553.png,v
445,v,data_12/val\v\E-554.png,v
446,v,data_12/val\v\E-555.png,v
447,v,data_12/val\v\E-556.png,v
448,v,data_12/val\v\E-557.png,v
449,v,data_12/val\v\E-558.png,v
450,v,data_12/val\v\E-559.png,v
451,v,data_12/val\v\E-560.png,v
452,v,data_12/val\v\E-561.png,v
453,v,data_12/val\v\E-562.png,v
454,v,data_12/val\v\E-563.png,v
455,v,data_12/val\v\E-564.png,v
456,v,data_12/val\v\E-565.png,v
457,v,data_12/val\v\E-566.png,v
458,v,data_12/val\v\E-567.png,v
459,v,data_12/val\v\E-568.png,v
460,v,data_12/val\v\E-569.png,v
461,v,data_12/val\v\E-570.png,v
462,v,data_12/val\v\E-571.png,v
463,v,data_12/val\v\E-572.png,v
464,v,data_12/val\v\E-573.png,v
465,v,data_12/val\v\E-574.png,v
466,v,data_12/val\v\E-576.png,v
467,v,data_12/val\v\E-577.png,x
468,v,data_12/val\v\E-578.png,v
469,v,data_12/val\v\E-579.png,v
470,v,data_12/val\v\E-580.png,v
471,v,data_12/val\v\E-581.png,v
472,v,data_12/val\v\E-582.png,v
473,v,data_12/val\v\E-583.png,v
474,vi,data_12/val\vi\F-501.png,vi
475,vi,data_12/val\vi\F-502.png,vi
476,vi,data_12/val\vi\F-503.png,vi
477,vi,data_12/val\vi\F-504.png,vi
478,vi,data_12/val\vi\F-505.png,vi
479,vi,data_12/val\vi\F-506.png,vi
480,vi,data_12/val\vi\F-507.png,vi
481,vi,data_12/val\vi\F-508.png,vii
482,vi,data_12/val\vi\F-509.png,vi
483,vi,data_12/val\vi\F-510.png,vi
484,vi,data_12/val\vi\F-511.png,vi
485,vi,data_12/val\vi\F-512.png,vi
486,vi,data_12/val\vi\F-513.png,vi
487,vi,data_12/val\vi\F-514.png,vi
488,vi,data_12/val\vi\F-515.png,vi
489,vi,data_12/val\vi\F-516.png,vi
490,vi,data_12/val\vi\F-517.png,vi
491,vi,data_12/val\vi\F-519.png,vi
492,vi,data_12/val\vi\F-520.png,vi
493,vi,data_12/val\vi\F-521.png,vi
494,vi,data_12/val\vi\F-522.png,vi
495,vi,data_12/val\vi\F-523.png,vi
496,vi,data_12/val\vi\F-524.png,vi
497,vi,data_12/val\vi\F-525.png,vi
498,vi,data_12/val\vi\F-526.png,iii
499,vi,data_12/val\vi\F-527.png,vi
500,vi,data_12/val\vi\F-528.png,vi
501,vi,data_12/val\vi\F-529.png,vi
502,vi,data_12/val\vi\F-530.png,vi
503,vi,data_12/val\vi\F-531.png,vi
504,vi,data_12/val\vi\F-532.png,vi
505,vi,data_12/val\vi\F-534.png,vi
506,vi,data_12/val\vi\F-535.png,vi
507,vi,data_12/val\vi\F-536.png,vi
508,vi,data_12/val\vi\F-537.png,vi
509,vi,data_12/val\vi\F-538.png,vi
510,vi,data_12/val\vi\F-539.png,vi
511,vi,data_12/val\vi\F-540.png,vi
512,vi,data_12/val\vi\F-541.png,vi
513,vi,data_12/val\vi\F-542.png,vi
514,vi,data_12/val\vi\F-544.png,vi
515,vi,data_12/val\vi\F-545.png,vi
516,vi,data_12/val\vi\F-546.png,vi
517,vi,data_12/val\vi\F-548.png,vi
518,vi,data_12/val\vi\F-549.png,vi
519,vi,data_12/val\vi\F-550.png,vi
520,vi,data_12/val\vi\F-551.png,vi
521,vi,data_12/val\vi\F-552.png,vi
522,vi,data_12/val\vi\F-554.png,vi
523,vi,data_12/val\vi\F-555.png,vi
524,vi,data_12/val\vi\F-556.png,vi
525,vi,data_12/val\vi\F-557.png,vi
526,vi,data_12/val\vi\F-558.png,vi
527,vi,data_12/val\vi\F-559.png,vi
528,vi,data_12/val\vi\F-560.png,vi
529,vi,data_12/val\vi\F-562.png,vi
530,vi,data_12/val\vi\F-563.png,vi
531,vi,data_12/val\vi\F-564.png,vi
532,vi,data_12/val\vi\F-565.png,vi
533,vi,data_12/val\vi\F-566.png,vi
534,vi,data_12/val\vi\F-567.png,vi
535,vi,data_12/val\vi\F-568.png,vi
536,vi,data_12/val\vi\F-569.png,vi
537,vi,data_12/val\vi\F-570.png,vi
538,vi,data_12/val\vi\F-571.png,vi
539,vi,data_12/val\vi\F-572.png,vi
540,vi,data_12/val\vi\F-573.png,vi
541,vi,data_12/val\vi\F-574.png,vi
542,vi,data_12/val\vi\F-575.png,vi
543,vi,data_12/val\vi\F-576.png,vi
544,vi,data_12/val\vi\F-577.png,vi
545,vi,data_12/val\vi\F-578.png,vi
546,vi,data_12/val\vi\F-579.png,vi
547,vi,data_12/val\vi\F-580.png,vi
548,vi,data_12/val\vi\F-581.png,vi
549,vi,data_12/val\vi\F-582.png,vi
550,vii,data_12/val\vii\G-501.png,vii
551,vii,data_12/val\vii\G-502.png,vii
552,vii,data_12/val\vii\G-503.png,vii
553,vii,data_12/val\vii\G-504.png,vii
554,vii,data_12/val\vii\G-505.png,vii
555,vii,data_12/val\vii\G-506.png,vii
556,vii,data_12/val\vii\G-507.png,vii
557,vii,data_12/val\vii\G-508.png,vii
558,vii,data_12/val\vii\G-509.png,vii
559,vii,data_12/val\vii\G-510.png,vii
560,vii,data_12/val\vii\G-511.png,iii
561,vii,data_12/val\vii\G-512.png,vii
562,vii,data_12/val\vii\G-513.png,iii
563,vii,data_12/val\vii\G-514.png,vii
564,vii,data_12/val\vii\G-515.png,vii
565,vii,data_12/val\vii\G-516.png,vii
566,vii,data_12/val\vii\G-517.png,vii
567,vii,data_12/val\vii\G-518.png,vii
568,vii,data_12/val\vii\G-519.png,vii
569,vii,data_12/val\vii\G-520.png,vii
570,vii,data_12/val\vii\G-521.png,vii
571,vii,data_12/val\vii\G-522.png,vii
572,vii,data_12/val\vii\G-523.png,vii
573,vii,data_12/val\vii\G-524.png,vii
574,vii,data_12/val\vii\G-525.png,iii
575,vii,data_12/val\vii\G-526.png,iii
576,vii,data_12/val\vii\G-527.png,vii
577,vii,data_12/val\vii\G-528.png,vii
578,vii,data_12/val\vii\G-529.png,iii
579,vii,data_12/val\vii\G-530.png,vii
580,vii,data_12/val\vii\G-531.png,vii
581,vii,data_12/val\vii\G-532.png,vi
582,vii,data_12/val\vii\G-533.png,vii
583,vii,data_12/val\vii\G-534.png,i
584,vii,data_12/val\vii\G-535.png,vii
585,vii,data_12/val\vii\G-536.png,vi
586,vii,data_12/val\vii\G-537.png,vii
587,vii,data_12/val\vii\G-538.png,vii
588,vii,data_12/val\vii\G-539.png,vi
589,vii,data_12/val\vii\G-540.png,vii
590,vii,data_12/val\vii\G-541.png,vii
591,vii,data_12/val\vii\G-542.png,vii
592,vii,data_12/val\vii\G-543.png,vii
593,vii,data_12/val\vii\G-544.png,vii
594,vii,data_12/val\vii\G-545.png,vii
595,vii,data_12/val\vii\G-546.png,ii
596,vii,data_12/val\vii\G-547.png,vii
597,vii,data_12/val\vii\G-549.png,vii
598,vii,data_12/val\vii\G-550.png,vii
599,vii,data_12/val\vii\G-551.png,vii
600,vii,data_12/val\vii\G-552.png,iii
601,vii,data_12/val\vii\G-553.png,vi
602,vii,data_12/val\vii\G-554.png,vii
603,vii,data_12/val\vii\G-555.png,vii
604,vii,data_12/val\vii\G-556.png,vii
605,vii,data_12/val\vii\G-557.png,vii
606,vii,data_12/val\vii\G-558.png,vii
607,vii,data_12/val\vii\G-559.png,vii
608,vii,data_12/val\vii\G-560.png,vii
609,vii,data_12/val\vii\G-561.png,vii
610,vii,data_12/val\vii\G-562.png,vii
611,vii,data_12/val\vii\G-563.png,vii
612,vii,data_12/val\vii\G-564.png,vii
613,vii,data_12/val\vii\G-565.png,vi
614,vii,data_12/val\vii\G-566.png,iii
615,vii,data_12/val\vii\G-567.png,vi
616,vii,data_12/val\vii\G-568.png,vii
617,vii,data_12/val\vii\G-569.png,vii
618,vii,data_12/val\vii\G-570.png,vii
619,vii,data_12/val\vii\G-571.png,vii
620,vii,data_12/val\vii\G-572.png,vii
621,vii,data_12/val\vii\G-573.png,vii
622,vii,data_12/val\vii\G-574.png,vi
623,vii,data_12/val\vii\G-575.png,vii
624,vii,data_12/val\vii\G-576.png,vii
625,vii,data_12/val\vii\G-577.png,vii
626,viii,data_12/val\viii\H-501.png,vii
627,viii,data_12/val\viii\H-502.png,vii
628,viii,data_12/val\viii\H-504.png,iii
629,viii,data_12/val\viii\H-505.png,viii
630,viii,data_12/val\viii\H-506.png,vii
631,viii,data_12/val\viii\H-507.png,viii
632,viii,data_12/val\viii\H-509.png,iii
633,viii,data_12/val\viii\H-510.png,viii
634,viii,data_12/val\viii\H-511.png,vii
635,viii,data_12/val\viii\H-512.png,vii
636,viii,data_12/val\viii\H-513.png,viii
637,viii,data_12/val\viii\H-514.png,vii
638,viii,data_12/val\viii\H-515.png,viii
639,viii,data_12/val\viii\H-516.png,vi
640,viii,data_12/val\viii\H-517.png,vii
641,viii,data_12/val\viii\H-518.png,viii
642,viii,data_12/val\viii\H-519.png,vii
643,viii,data_12/val\viii\H-520.png,iii
644,viii,data_12/val\viii\H-521.png,vii
645,viii,data_12/val\viii\H-522.png,vii
646,viii,data_12/val\viii\H-523.png,vi
647,viii,data_12/val\viii\H-524.png,vii
648,viii,data_12/val\viii\H-525.png,viii
649,viii,data_12/val\viii\H-526.png,vii
650,viii,data_12/val\viii\H-527.png,viii
651,viii,data_12/val\viii\H-528.png,vii
652,viii,data_12/val\viii\H-530.png,viii
653,viii,data_12/val\viii\H-531.png,viii
654,viii,data_12/val\viii\H-532.png,viii
655,viii,data_12/val\viii\H-533.png,vii
656,viii,data_12/val\viii\H-534.png,vii
657,viii,data_12/val\viii\H-535.png,viii
658,viii,data_12/val\viii\H-536.png,vii
659,viii,data_12/val\viii\H-537.png,iii
660,viii,data_12/val\viii\H-538.png,viii
661,viii,data_12/val\viii\H-539.png,vii
662,viii,data_12/val\viii\H-540.png,vii
663,viii,data_12/val\viii\H-541.png,viii
664,viii,data_12/val\viii\H-542.png,iii
665,viii,data_12/val\viii\H-543.png,vii
666,viii,data_12/val\viii\H-544.png,vii
667,viii,data_12/val\viii\H-545.png,viii
668,viii,data_12/val\viii\H-546.png,viii
669,viii,data_12/val\viii\H-547.png,vii
670,viii,data_12/val\viii\H-548.png,viii
671,viii,data_12/val\viii\H-549.png,vii
672,viii,data_12/val\viii\H-550.png,vii
673,viii,data_12/val\viii\H-551.png,vii
674,viii,data_12/val\viii\H-552.png,viii
675,viii,data_12/val\viii\H-553.png,viii
676,viii,data_12/val\viii\H-554.png,vii
677,viii,data_12/val\viii\H-555.png,vii
678,viii,data_12/val\viii\H-556.png,vii
679,viii,data_12/val\viii\H-557.png,vii
680,viii,data_12/val\viii\H-558.png,vii
681,viii,data_12/val\viii\H-559.png,vii
682,viii,data_12/val\viii\H-560.png,vii
683,viii,data_12/val\viii\H-561.png,vii
684,viii,data_12/val\viii\H-562.png,vii
685,viii,data_12/val\viii\H-563.png,vii
686,viii,data_12/val\viii\H-564.png,viii
687,viii,data_12/val\viii\H-565.png,viii
688,viii,data_12/val\viii\H-566.png,viii
689,viii,data_12/val\viii\H-567.png,vii
690,viii,data_12/val\viii\H-569.png,vii
691,viii,data_12/val\viii\H-570.png,viii
692,viii,data_12/val\viii\H-571.png,vii
693,viii,data_12/val\viii\H-572.png,viii
694,viii,data_12/val\viii\H-573.png,vii
695,viii,data_12/val\viii\H-574.png,viii
696,viii,data_12/val\viii\H-575.png,vii
697,viii,data_12/val\viii\H-576.png,vi
698,viii,data_12/val\viii\H-577.png,viii
699,viii,data_12/val\viii\H-578.png,iii
700,viii,data_12/val\viii\H-579.png,vii
701,viii,data_12/val\viii\H-580.png,viii
702,viii,data_12/val\viii\H-581.png,viii
703,viii,data_12/val\viii\H-583.png,vii
704,x,data_12/val\x\J-501.png,x
705,x,data_12/val\x\J-502.png,x
706,x,data_12/val\x\J-503.png,x
707,x,data_12/val\x\J-505.png,x
708,x,data_12/val\x\J-506.png,x
709,x,data_12/val\x\J-507.png,i
710,x,data_12/val\x\J-508.png,x
711,x,data_12/val\x\J-509.png,x
712,x,data_12/val\x\J-510.png,x
713,x,data_12/val\x\J-511.png,x
714,x,data_12/val\x\J-512.png,x
715,x,data_12/val\x\J-513.png,x
716,x,data_12/val\x\J-514.png,x
717,x,data_12/val\x\J-515.png,x
718,x,data_12/val\x\J-516.png,x
719,x,data_12/val\x\J-517.png,x
720,x,data_12/val\x\J-518.png,x
721,x,data_12/val\x\J-519.png,x
722,x,data_12/val\x\J-520.png,x
723,x,data_12/val\x\J-521.png,x
724,x,data_12/val\x\J-522.png,x
725,x,data_12/val\x\J-523.png,x
726,x,data_12/val\x\J-524.png,x
727,x,data_12/val\x\J-525.png,x
728,x,data_12/val\x\J-526.png,x
729,x,data_12/val\x\J-527.png,x
730,x,data_12/val\x\J-528.png,x
731,x,data_12/val\x\J-529.png,x
732,x,data_12/val\x\J-530.png,x
733,x,data_12/val\x\J-531.png,x
734,x,data_12/val\x\J-532.png,x
735,x,data_12/val\x\J-533.png,x
736,x,data_12/val\x\J-534.png,x
737,x,data_12/val\x\J-535.png,x
738,x,data_12/val\x\J-536.png,x
739,x,data_12/val\x\J-537.png,x
740,x,data_12/val\x\J-538.png,x
741,x,data_12/val\x\J-539.png,x
742,x,data_12/val\x\J-540.png,x
743,x,data_12/val\x\J-541.png,x
744,x,data_12/val\x\J-542.png,x
745,x,data_12/val\x\J-543.png,x
746,x,data_12/val\x\J-544.png,x
747,x,data_12/val\x\J-545.png,x
748,x,data_12/val\x\J-546.png,x
749,x,data_12/val\x\J-547.png,x
750,x,data_12/val\x\J-548.png,x
751,x,data_12/val\x\J-549.png,x
752,x,data_12/val\x\J-550.png,v
753,x,data_12/val\x\J-551.png,x
754,x,data_12/val\x\J-552.png,x
755,x,data_12/val\x\J-553.png,x
756,x,data_12/val\x\J-554.png,x
757,x,data_12/val\x\J-555.png,x
758,x,data_12/val\x\J-556.png,x
759,x,data_12/val\x\J-558.png,x
760,x,data_12/val\x\J-559.png,x
761,x,data_12/val\x\J-560.png,v
762,x,data_12/val\x\J-561.png,x
763,x,data_12/val\x\J-562.png,x
764,x,data_12/val\x\J-563.png,x
765,x,data_12/val\x\J-564.png,x
766,x,data_12/val\x\J-565.png,x
767,x,data_12/val\x\J-566.png,x
768,x,data_12/val\x\J-567.png,x
769,x,data_12/val\x\J-568.png,x
770,x,data_12/val\x\J-569.png,x
771,x,data_12/val\x\J-570.png,x
772,x,data_12/val\x\J-571.png,x
773,x,data_12/val\x\J-572.png,x
774,x,data_12/val\x\J-573.png,x
775,x,data_12/val\x\J-574.png,x
776,x,data_12/val\x\J-575.png,x
777,x,data_12/val\x\J-576.png,x
778,x,data_12/val\x\J-577.png,x
779,x,data_12/val\x\J-578.png,x
780,x,data_12/val\x\J-579.png,x
781,x,data_12/val\x\J-580.png,x
782,x,data_12/val\x\J-581.png,x
783,i,data_12/label_book\i\a4b1d326-ce5d-11eb-b317-38f9d35ea60f.png,i
784,i,data_12/label_book\i\a4bc3fdc-ce5d-11eb-b317-38f9d35ea60f.png,i
785,i,data_12/label_book\i\a4c6f9c2-ce5d-11eb-b317-38f9d35ea60f.png,i
786,i,data_12/label_book\i\a4d082ee-ce5d-11eb-b317-38f9d35ea60f.png,i
787,i,data_12/label_book\i\a4ec97cc-ce5d-11eb-b317-38f9d35ea60f.png,i
788,ii,data_12/label_book\ii\a37502ee-ce5d-11eb-b317-38f9d35ea60f.png,vi
789,ii,data_12/label_book\ii\a39e63f0-ce5d-11eb-b317-38f9d35ea60f.png,iii
790,ii,data_12/label_book\ii\a3b8f1fc-ce5d-11eb-b317-38f9d35ea60f.png,iii
791,ii,data_12/label_book\ii\a3e33dcc-ce5d-11eb-b317-38f9d35ea60f.png,vi
792,ii,data_12/label_book\ii\a3ef6ed0-ce5d-11eb-b317-38f9d35ea60f.png,ii
793,iii,data_12/label_book\iii\aa48cf06-ce5d-11eb-b317-38f9d35ea60f.png,iii
794,iii,data_12/label_book\iii\aa5a5a3c-ce5d-11eb-b317-38f9d35ea60f.png,iii
795,iii,data_12/label_book\iii\aa5f808e-ce5d-11eb-b317-38f9d35ea60f.png,i
796,iii,data_12/label_book\iii\aa864ee4-ce5d-11eb-b317-38f9d35ea60f.png,iii
797,iii,data_12/label_book\iii\aaa15680-ce5d-11eb-b317-38f9d35ea60f.png,ix
798,iii,data_12/label_book\iii\aaa48d82-ce5d-11eb-b317-38f9d35ea60f.png,iii
799,iv,data_12/label_book\iv\a6c4469e-ce5d-11eb-b317-38f9d35ea60f.png,iii
800,iv,data_12/label_book\iv\a6d9760e-ce5d-11eb-b317-38f9d35ea60f.png,v
801,iv,data_12/label_book\iv\a6f8c07c-ce5d-11eb-b317-38f9d35ea60f.png,iii
802,iv,data_12/label_book\iv\a70f5af8-ce5d-11eb-b317-38f9d35ea60f.png,iv
803,iv,data_12/label_book\iv\a7183a10-ce5d-11eb-b317-38f9d35ea60f.png,v
804,ix,data_12/label_book\ix\a7967416-ce5d-11eb-b317-38f9d35ea60f.png,i
805,ix,data_12/label_book\ix\a7ad6766-ce5d-11eb-b317-38f9d35ea60f.png,ix
806,ix,data_12/label_book\ix\a7ae10bc-ce5d-11eb-b317-38f9d35ea60f.png,iii
807,ix,data_12/label_book\ix\a7dae376-ce5d-11eb-b317-38f9d35ea60f.png,ii
808,ix,data_12/label_book\ix\a821f1a8-ce5d-11eb-b317-38f9d35ea60f.png,ix
809,v,data_12/label_book\v\a88a741c-ce5d-11eb-b317-38f9d35ea60f.png,v
810,v,data_12/label_book\v\a8a5dcc0-ce5d-11eb-b317-38f9d35ea60f.png,v
811,v,data_12/label_book\v\a8d56ac6-ce5d-11eb-b317-38f9d35ea60f.png,i
812,v,data_12/label_book\v\a8e27400-ce5d-11eb-b317-38f9d35ea60f.png,v
813,v,data_12/label_book\v\a8e3ef7e-ce5d-11eb-b317-38f9d35ea60f.png,v
814,v,data_12/label_book\v\a91952ea-ce5d-11eb-b317-38f9d35ea60f.png,v
815,vi,data_12/label_book\vi\a2f7b186-ce5d-11eb-b317-38f9d35ea60f.png,i
816,vi,data_12/label_book\vi\a2f8da20-ce5d-11eb-b317-38f9d35ea60f.png,vi
817,vi,data_12/label_book\vi\a3095b98-ce5d-11eb-b317-38f9d35ea60f.png,vi
818,vi,data_12/label_book\vi\a343231e-ce5d-11eb-b317-38f9d35ea60f.png,vi
819,vi,data_12/label_book\vi\a35d6e72-ce5d-11eb-b317-38f9d35ea60f.png,vi
820,vii,data_12/label_book\vii\a51a40fa-ce5d-11eb-b317-38f9d35ea60f.png,vii
821,vii,data_12/label_book\vii\a55094e8-ce5d-11eb-b317-38f9d35ea60f.png,iii
822,vii,data_12/label_book\vii\a59dc4d4-ce5d-11eb-b317-38f9d35ea60f.png,vii
823,vii,data_12/label_book\vii\a5aa79fe-ce5d-11eb-b317-38f9d35ea60f.png,vii
824,vii,data_12/label_book\vii\a5ade382-ce5d-11eb-b317-38f9d35ea60f.png,vi
825,viii,data_12/label_book\viii\a5e9e2ec-ce5d-11eb-b317-38f9d35ea60f.png,viii
826,viii,data_12/label_book\viii\a624afee-ce5d-11eb-b317-38f9d35ea60f.png,iii
827,viii,data_12/label_book\viii\a626842c-ce5d-11eb-b317-38f9d35ea60f.png,viii
828,viii,data_12/label_book\viii\a64e3d3c-ce5d-11eb-b317-38f9d35ea60f.png,iii
829,viii,data_12/label_book\viii\a65c274e-ce5d-11eb-b317-38f9d35ea60f.png,vii
830,x,data_12/label_book\x\a97df060-ce5d-11eb-b317-38f9d35ea60f.png,x
831,x,data_12/label_book\x\a9a4255a-ce5d-11eb-b317-38f9d35ea60f.png,x
832,x,data_12/label_book\x\a9b14348-ce5d-11eb-b317-38f9d35ea60f.png,x
833,x,data_12/label_book\x\a9d6228a-ce5d-11eb-b317-38f9d35ea60f.png,x
834,x,data_12/label_book\x\a9e4f63e-ce5d-11eb-b317-38f9d35ea60f.png,i
